{
  "23303017_范睿捷": {
    "地图学原理_lab3：点阵地图与路网地图制作": {
      "md5": "0615d84568dbdeaa7f7945681640ff88",
      "notified": true,
      "last_upload_time": 1744209247.5346482,
      "notification_cooldown": 1744209259.9153697
    }
  }
}